<?xml version="1.0" encoding="UTF-8"?>
<project-private xmlns="http://www.netbeans.org/ns/project-private/1">
    <editor-bookmarks xmlns="http://www.netbeans.org/ns/editor-bookmarks/2" lastBookmarkId="0"/>
    <open-files xmlns="http://www.netbeans.org/ns/projectui-open-files/2">
        <group>
            <file>file:/C:/Users/ss/OneDrive/Documents/NetBeansProjects/OnlineBankingSystem/web/Customer.jsp</file>
            <file>file:/C:/Users/ss/OneDrive/Documents/NetBeansProjects/OnlineBankingSystem/web/balance.css</file>
            <file>file:/C:/Users/ss/OneDrive/Documents/NetBeansProjects/OnlineBankingSystem/web/ContactUs.jsp</file>
            <file>file:/C:/Users/ss/OneDrive/Documents/NetBeansProjects/OnlineBankingSystem/web/index.html</file>
            <file>file:/C:/Users/ss/OneDrive/Documents/NetBeansProjects/OnlineBankingSystem/src/java/Admin/Balance.java</file>
            <file>file:/C:/Users/ss/OneDrive/Documents/NetBeansProjects/OnlineBankingSystem/web/Cdeposit.jsp</file>
            <file>file:/C:/Users/ss/OneDrive/Documents/NetBeansProjects/OnlineBankingSystem/src/java/Admin/WithdrawK.java</file>
            <file>file:/C:/Users/ss/OneDrive/Documents/NetBeansProjects/OnlineBankingSystem/web/Cdeposit.css</file>
            <file>file:/C:/Users/ss/OneDrive/Documents/NetBeansProjects/OnlineBankingSystem/web/UserHome.jsp</file>
            <file>file:/C:/Users/ss/OneDrive/Documents/NetBeansProjects/OnlineBankingSystem/web/WithdrawW.jsp</file>
            <file>file:/C:/Users/ss/OneDrive/Documents/NetBeansProjects/OnlineBankingSystem/src/java/User/UserLogout.java</file>
            <file>file:/C:/Users/ss/OneDrive/Documents/NetBeansProjects/OnlineBankingSystem/web/AdminLogin.jsp</file>
            <file>file:/C:/Users/ss/OneDrive/Documents/NetBeansProjects/OnlineBankingSystem/src/java/Admin/AdminSignUp.java</file>
            <file>file:/C:/Users/ss/OneDrive/Documents/NetBeansProjects/OnlineBankingSystem/src/java/Admin/AdminLogin.java</file>
            <file>file:/C:/Users/ss/OneDrive/Documents/NetBeansProjects/OnlineBankingSystem/src/java/User/UserLogin.java</file>
            <file>file:/C:/Users/ss/OneDrive/Documents/NetBeansProjects/OnlineBankingSystem/src/java/Admin/Withdraw.java</file>
            <file>file:/C:/Users/ss/OneDrive/Documents/NetBeansProjects/OnlineBankingSystem/src/java/Admin/MainDeposit.java</file>
            <file>file:/C:/Users/ss/OneDrive/Documents/NetBeansProjects/OnlineBankingSystem/src/java/Admin/Transfer.java</file>
            <file>file:/C:/Users/ss/OneDrive/Documents/NetBeansProjects/OnlineBankingSystem/src/java/Home/Home.java</file>
            <file>file:/C:/Users/ss/OneDrive/Documents/NetBeansProjects/OnlineBankingSystem/src/java/User/Usertransfer.java</file>
            <file>file:/C:/Users/ss/OneDrive/Documents/NetBeansProjects/OnlineBankingSystem/web/UserTransfer.jsp</file>
            <file>file:/C:/Users/ss/OneDrive/Documents/NetBeansProjects/OnlineBankingSystem/web/AdminSignUp.jsp</file>
            <file>file:/C:/Users/ss/OneDrive/Documents/NetBeansProjects/OnlineBankingSystem/web/Balance1.jsp</file>
            <file>file:/C:/Users/ss/OneDrive/Documents/NetBeansProjects/OnlineBankingSystem/web/AdminHome.jsp</file>
            <file>file:/C:/Users/ss/OneDrive/Documents/NetBeansProjects/OnlineBankingSystem/web/AddAccount.jsp</file>
            <file>file:/C:/Users/ss/OneDrive/Documents/NetBeansProjects/OnlineBankingSystem/src/java/Admin/AddAccount.java</file>
            <file>file:/C:/Users/ss/OneDrive/Documents/NetBeansProjects/OnlineBankingSystem/web/AddAccount.css</file>
            <file>file:/C:/Users/ss/OneDrive/Documents/NetBeansProjects/OnlineBankingSystem/web/UserAcc.jsp</file>
            <file>file:/C:/Users/ss/OneDrive/Documents/NetBeansProjects/OnlineBankingSystem/web/Balance.jsp</file>
            <file>file:/C:/Users/ss/OneDrive/Documents/NetBeansProjects/OnlineBankingSystem/src/java/Admin/Cdeposit.java</file>
        </group>
    </open-files>
</project-private>
